Metric,Value
Accuracy,0.8044812133746984
Precision,0.7771851851851852
Recall,0.9313528228192686
F1 Score,0.8473134489070744
